Date,AMZN
1/3/2013,258.480011
1/4/2013,259.149994
1/7/2013,268.459991
1/8/2013,266.380005
1/9/2013,266.350006
1/10/2013,265.339996
1/11/2013,267.940002
1/14/2013,272.730011
1/15/2013,271.899994
1/16/2013,268.929993
1/17/2013,270.480011
1/18/2013,272.119995
1/22/2013,270.190002
1/23/2013,268.109985
1/24/2013,273.459991
1/25/2013,283.98999
1/28/2013,276.040009
1/29/2013,260.350006
1/30/2013,272.76001
1/31/2013,265.5
2/1/2013,265
2/4/2013,259.980011
2/5/2013,266.890015
2/6/2013,262.220001
2/7/2013,260.230011
2/8/2013,261.950012
2/11/2013,257.209991
2/12/2013,258.700012
2/13/2013,269.470001
2/14/2013,269.23999
2/15/2013,265.089996
2/19/2013,269.75
2/20/2013,266.410004
2/21/2013,265.940002
2/22/2013,265.420013
2/25/2013,259.869995
2/26/2013,259.359985
2/27/2013,263.25
2/28/2013,264.269989
3/1/2013,265.73999
3/4/2013,273.109985
3/5/2013,275.589996
3/6/2013,273.790009
3/7/2013,273.880005
3/8/2013,274.190002
3/11/2013,271.23999
3/12/2013,274.130005
3/13/2013,275.100006
3/14/2013,265.73999
3/15/2013,261.820007
3/18/2013,257.890015
3/19/2013,256.410004
3/20/2013,257.279999
3/21/2013,253.389999
3/22/2013,257.75
3/25/2013,256.019989
3/26/2013,260.309998
3/27/2013,265.299988
3/28/2013,266.48999
4/1/2013,261.609985
4/2/2013,263.320007
4/3/2013,259.029999
4/4/2013,259.079987
4/5/2013,255.479996
4/8/2013,258.950012
4/9/2013,261.140015
4/10/2013,264.769989
4/11/2013,269.850006
4/12/2013,272.869995
4/15/2013,267.720001
4/16/2013,272.339996
4/17/2013,267.399994
4/18/2013,259.420013
4/19/2013,260.320007
4/22/2013,263.549988
4/23/2013,268.899994
4/24/2013,268.779999
4/25/2013,274.700012
4/26/2013,254.809998
4/29/2013,249.740005
4/30/2013,253.809998
5/1/2013,248.229996
5/2/2013,252.550003
5/3/2013,258.049988
5/6/2013,255.720001
5/7/2013,257.730011
5/8/2013,258.679993
5/9/2013,260.160004
5/10/2013,263.630005
5/13/2013,264.51001
5/14/2013,268.329987
5/15/2013,266.559998
5/16/2013,264.119995
5/17/2013,269.899994
5/20/2013,267.630005
5/21/2013,268.859985
5/22/2013,262.959991
5/23/2013,261.799988
5/24/2013,261.73999
5/28/2013,267.290009
5/29/2013,265.529999
5/30/2013,266.829987
5/31/2013,269.200012
6/3/2013,266.880005
6/4/2013,265.700012
6/5/2013,267.170013
6/6/2013,267.829987
6/7/2013,276.869995
6/10/2013,281.070007
6/11/2013,274.779999
6/12/2013,271.670013
6/13/2013,275.790009
6/14/2013,273.98999
6/17/2013,278.059998
6/18/2013,281.76001
6/19/2013,278.160004
6/20/2013,273.440002
6/21/2013,273.359985
6/24/2013,270.609985
6/25/2013,272.089996
6/26/2013,277.570007
6/27/2013,277.549988
6/28/2013,277.690002
7/1/2013,282.100006
7/2/2013,283.730011
7/3/2013,284.029999
7/5/2013,285.880005
7/8/2013,290.589996
7/9/2013,291.529999
7/10/2013,292.329987
7/11/2013,299.660004
7/12/2013,307.549988
7/15/2013,306.570007
7/16/2013,306.869995
7/17/2013,308.690002
7/18/2013,304.109985
7/19/2013,305.230011
7/22/2013,303.480011
7/23/2013,301.059998
7/24/2013,298.940002
7/25/2013,303.399994
7/26/2013,312.01001
7/29/2013,306.100006
7/30/2013,302.410004
7/31/2013,301.220001
8/1/2013,305.570007
8/2/2013,304.209991
8/5/2013,300.98999
8/6/2013,300.75
8/7/2013,296.910004
8/8/2013,295.73999
8/9/2013,297.26001
8/12/2013,296.690002
8/13/2013,293.970001
8/14/2013,291.339996
8/15/2013,286.470001
8/16/2013,284.820007
8/19/2013,285.570007
8/20/2013,287.089996
8/21/2013,284.570007
8/22/2013,289.730011
8/23/2013,290.01001
8/26/2013,286.209991
8/27/2013,280.929993
8/28/2013,281.579987
8/29/2013,283.980011
8/30/2013,280.980011
9/3/2013,288.799988
9/4/2013,293.640015
9/5/2013,294.100006
9/6/2013,295.859985
9/9/2013,299.709991
9/10/2013,300.359985
9/11/2013,299.640015
9/12/2013,298.859985
9/13/2013,297.920013
9/16/2013,296.059998
9/17/2013,304.170013
9/18/2013,312.029999
9/19/2013,312.059998
9/20/2013,316.339996
9/23/2013,311.48999
9/24/2013,314.130005
9/25/2013,312.649994
9/26/2013,318.119995
9/27/2013,316.01001
9/30/2013,312.640015
10/1/2013,320.950012
10/2/2013,320.51001
10/3/2013,314.76001
10/4/2013,319.040009
10/7/2013,310.029999
10/8/2013,303.230011
10/9/2013,298.230011
10/10/2013,305.170013
10/11/2013,310.890015
10/14/2013,310.700012
10/15/2013,306.399994
10/16/2013,310.48999
10/17/2013,310.769989
10/18/2013,328.929993
10/21/2013,326.440002
10/22/2013,332.540009
10/23/2013,326.76001
10/24/2013,332.209991
10/25/2013,363.390015
10/28/2013,358.160004
10/29/2013,362.700012
10/30/2013,361.079987
10/31/2013,364.029999
11/1/2013,359
11/4/2013,358.73999
11/5/2013,358.890015
11/6/2013,356.179993
11/7/2013,343.559998
11/8/2013,350.309998
11/11/2013,354.380005
11/12/2013,349.529999
11/13/2013,356.220001
11/14/2013,367.399994
11/15/2013,369.170013
11/18/2013,366.179993
11/19/2013,364.940002
11/20/2013,362.570007
11/21/2013,368.920013
11/22/2013,372.309998
11/25/2013,376.640015
11/26/2013,381.369995
11/27/2013,386.709991
11/29/2013,393.619995
12/2/2013,392.299988
12/3/2013,384.660004
12/4/2013,385.959991
12/5/2013,384.48999
12/6/2013,386.950012
12/9/2013,384.890015
12/10/2013,387.779999
12/11/2013,382.190002
12/12/2013,381.25
12/13/2013,384.23999
12/16/2013,388.970001
12/17/2013,387.649994
12/18/2013,395.959991
12/19/2013,395.190002
12/20/2013,402.200012
12/23/2013,402.920013
12/24/2013,399.200012
12/26/2013,404.390015
12/27/2013,398.079987
12/30/2013,393.369995
12/31/2013,398.790009
1/2/2014,397.970001
1/3/2014,396.440002
1/6/2014,393.630005
1/7/2014,398.029999
1/8/2014,401.920013
1/9/2014,401.01001
1/10/2014,397.660004
1/13/2014,390.980011
1/14/2014,397.540009
1/15/2014,395.869995
1/16/2014,395.799988
1/17/2014,399.609985
1/21/2014,407.049988
1/22/2014,404.540009
1/23/2014,399.869995
1/24/2014,387.600006
1/27/2014,386.279999
1/28/2014,394.429993
1/29/2014,384.200012
1/30/2014,403.01001
1/31/2014,358.690002
2/3/2014,346.149994
2/4/2014,347.950012
2/5/2014,346.450012
2/6/2014,354.589996
2/7/2014,361.079987
2/10/2014,360.869995
2/11/2014,361.790009
2/12/2014,349.25
2/13/2014,357.200012
2/14/2014,357.350006
2/18/2014,353.649994
2/19/2014,347.380005
2/20/2014,349.799988
2/21/2014,346.76001
2/24/2014,351.779999
2/25/2014,358.320007
2/26/2014,359.799988
2/27/2014,360.130005
2/28/2014,362.100006
3/3/2014,359.779999
3/4/2014,363.899994
3/5/2014,372.369995
3/6/2014,372.160004
3/7/2014,372.059998
3/10/2014,370.529999
3/11/2014,368.820007
3/12/2014,370.640015
3/13/2014,371.51001
3/14/2014,373.73999
3/17/2014,375.040009
3/18/2014,378.769989
3/19/2014,373.230011
3/20/2014,368.970001
3/21/2014,360.619995
3/24/2014,351.850006
3/25/2014,354.709991
3/26/2014,343.410004
3/27/2014,338.470001
3/28/2014,338.290009
3/31/2014,336.369995
4/1/2014,342.98999
4/2/2014,341.959991
4/3/2014,333.619995
4/4/2014,323
4/7/2014,317.76001
4/8/2014,327.070007
4/9/2014,331.809998
4/10/2014,317.109985
4/11/2014,311.730011
4/14/2014,315.910004
4/15/2014,316.079987
4/16/2014,323.679993
4/17/2014,324.910004
4/21/2014,330.869995
4/22/2014,329.320007
4/23/2014,324.579987
4/24/2014,337.149994
4/25/2014,303.829987
4/28/2014,296.579987
4/29/2014,300.380005
4/30/2014,304.130005
5/1/2014,307.890015
5/2/2014,308.01001
5/5/2014,310.049988
5/6/2014,297.380005
5/7/2014,292.709991
5/8/2014,288.320007
5/9/2014,292.23999
5/12/2014,302.859985
5/13/2014,304.640015
5/14/2014,297.619995
5/15/2014,295.190002
5/16/2014,297.700012
5/19/2014,296.76001
5/20/2014,301.190002
5/21/2014,305.01001
5/22/2014,304.910004
5/23/2014,312.23999
5/27/2014,310.820007
5/28/2014,310.160004
5/29/2014,313.779999
5/30/2014,312.549988
6/2/2014,308.839996
6/3/2014,307.190002
6/4/2014,306.779999
6/5/2014,323.570007
6/6/2014,329.670013
6/9/2014,327.5
6/10/2014,332.410004
6/11/2014,335.200012
6/12/2014,325.910004
6/13/2014,326.269989
6/16/2014,327.619995
6/17/2014,325.619995
6/18/2014,334.380005
6/19/2014,327
6/20/2014,324.200012
6/23/2014,327.23999
6/24/2014,324.160004
6/25/2014,327.440002
6/26/2014,325.690002
6/27/2014,324.570007
6/30/2014,324.779999
7/1/2014,332.390015
7/2/2014,332.850006
7/3/2014,337.48999
7/7/2014,333.549988
7/8/2014,323.809998
7/9/2014,329.970001
7/10/2014,327.920013
7/11/2014,346.200012
7/14/2014,355.320007
7/15/2014,354.440002
7/16/2014,355.899994
7/17/2014,352.450012
7/18/2014,358.660004
7/21/2014,359.76001
7/22/2014,360.839996
7/23/2014,358.140015
7/24/2014,358.609985
7/25/2014,324.01001
7/28/2014,320.410004
7/29/2014,320
7/30/2014,322.51001
7/31/2014,312.98999
8/1/2014,307.059998
8/4/2014,313.649994
8/5/2014,312.320007
8/6/2014,313.890015
8/7/2014,311.450012
8/8/2014,316.799988
8/11/2014,318.329987
8/12/2014,319.320007
8/13/2014,326.279999
8/14/2014,333.209991
8/15/2014,333.630005
8/18/2014,334.529999
8/19/2014,335.130005
8/20/2014,335.779999
8/21/2014,332.910004
8/22/2014,331.589996
8/25/2014,334.019989
8/26/2014,341.829987
8/27/2014,343.179993
8/28/2014,340.019989
8/29/2014,339.040009
9/2/2014,342.380005
9/3/2014,339
9/4/2014,345.950012
9/5/2014,346.380005
9/8/2014,342.339996
9/9/2014,329.75
9/10/2014,331.329987
9/11/2014,330.519989
9/12/2014,331.190002
9/15/2014,323.890015
9/16/2014,327.76001
9/17/2014,324
9/18/2014,325
9/19/2014,331.320007
9/22/2014,324.5
9/23/2014,323.630005
9/24/2014,328.209991
9/25/2014,321.929993
9/26/2014,323.209991
9/29/2014,321.820007
9/30/2014,322.440002
10/1/2014,317.459991
10/2/2014,318.410004
10/3/2014,322.73999
10/6/2014,322.200012
10/7/2014,316.980011
10/8/2014,322.700012
10/9/2014,315.369995
10/10/2014,311.390015
10/13/2014,306.450012
10/14/2014,308.309998
10/15/2014,305.970001
10/16/2014,302.859985
10/17/2014,303.640015
10/20/2014,306.209991
10/21/2014,315.329987
10/22/2014,312.970001
10/23/2014,313.179993
10/24/2014,287.059998
10/27/2014,289.970001
10/28/2014,295.589996
10/29/2014,294.119995
10/30/2014,299.070007
10/31/2014,305.459991
11/3/2014,305.720001
11/4/2014,302.809998
11/5/2014,296.519989
11/6/2014,296.640015
11/7/2014,299.859985
11/10/2014,305.109985
11/11/2014,312.01001
11/12/2014,311.51001
11/13/2014,316.480011
11/14/2014,327.820007
11/17/2014,323.049988
11/18/2014,324.929993
11/19/2014,326.540009
11/20/2014,330.540009
11/21/2014,332.630005
11/24/2014,335.640015
11/25/2014,335.040009
11/26/2014,333.570007
11/28/2014,338.640015
12/1/2014,326
12/2/2014,326.309998
12/3/2014,316.5
12/4/2014,316.929993
12/5/2014,312.630005
12/8/2014,306.640015
12/9/2014,312.5
12/10/2014,305.839996
12/11/2014,307.359985
12/12/2014,307.320007
12/15/2014,306.070007
12/16/2014,295.059998
12/17/2014,298.880005
12/18/2014,297.730011
12/19/2014,299.899994
12/22/2014,306.540009
12/23/2014,306.290009
12/24/2014,303.029999
12/26/2014,309.089996
12/29/2014,312.040009
12/30/2014,310.299988
12/31/2014,310.350006
1/2/2015,308.519989
1/5/2015,302.190002
1/6/2015,295.290009
1/7/2015,298.420013
1/8/2015,300.459991
1/9/2015,296.929993
1/12/2015,291.410004
1/13/2015,294.73999
1/14/2015,293.269989
1/15/2015,286.950012
1/16/2015,290.73999
1/20/2015,289.440002
1/21/2015,297.25
1/22/2015,310.320007
1/23/2015,312.390015
1/26/2015,309.660004
1/27/2015,306.75
1/28/2015,303.910004
1/29/2015,311.779999
1/30/2015,354.529999
2/2/2015,364.470001
2/3/2015,363.549988
2/4/2015,364.75
2/5/2015,373.890015
2/6/2015,374.279999
2/9/2015,370.559998
2/10/2015,373
2/11/2015,375.140015
2/12/2015,377.170013
2/13/2015,381.829987
2/17/2015,375.429993
2/18/2015,373.369995
2/19/2015,379
2/20/2015,383.660004
2/23/2015,380.140015
2/24/2015,378.589996
2/25/2015,385.369995
2/26/2015,384.799988
2/27/2015,380.160004
3/2/2015,385.660004
3/3/2015,384.609985
3/4/2015,382.720001
3/5/2015,387.829987
3/6/2015,380.089996
3/9/2015,378.559998
3/10/2015,369.51001
3/11/2015,366.369995
3/12/2015,374.23999
3/13/2015,370.579987
3/16/2015,373.350006
3/17/2015,371.920013
3/18/2015,375.140015
3/19/2015,373.23999
3/20/2015,378.48999
3/23/2015,375.109985
3/24/2015,374.089996
3/25/2015,370.959991
3/26/2015,367.350006
3/27/2015,370.559998
3/30/2015,374.589996
3/31/2015,372.100006
4/1/2015,370.26001
4/2/2015,372.25
4/6/2015,377.040009
4/7/2015,374.410004
4/8/2015,381.200012
4/9/2015,383.540009
4/10/2015,382.649994
4/13/2015,382.359985
4/14/2015,385.109985
4/15/2015,383.450012
4/16/2015,386.040009
4/17/2015,375.559998
4/20/2015,389.51001
4/21/2015,391.179993
4/22/2015,389.799988
4/23/2015,389.98999
4/24/2015,445.100006
4/27/2015,438.559998
4/28/2015,429.309998
4/29/2015,429.369995
4/30/2015,421.779999
5/1/2015,422.869995
5/4/2015,423.040009
5/5/2015,421.190002
5/6/2015,419.100006
5/7/2015,426.880005
5/8/2015,433.690002
5/11/2015,432.850006
5/12/2015,431.019989
5/13/2015,426.869995
5/14/2015,432.279999
5/15/2015,426
5/18/2015,425.23999
5/19/2015,421.709991
5/20/2015,423.859985
5/21/2015,431.630005
5/22/2015,427.630005
5/26/2015,425.470001
5/27/2015,431.420013
5/28/2015,426.570007
5/29/2015,429.230011
6/1/2015,430.920013
6/2/2015,430.98999
6/3/2015,436.589996
6/4/2015,430.779999
6/5/2015,426.950012
6/8/2015,423.5
6/9/2015,425.480011
6/10/2015,430.769989
6/11/2015,432.970001
6/12/2015,429.920013
6/15/2015,423.670013
6/16/2015,427.26001
6/17/2015,427.809998
6/18/2015,439.390015
6/19/2015,434.920013
6/22/2015,436.290009
6/23/2015,445.98999
6/24/2015,440.839996
6/25/2015,440.100006
6/26/2015,438.100006
6/29/2015,429.859985
6/30/2015,434.089996
7/1/2015,437.390015
7/2/2015,437.709991
7/6/2015,436.040009
7/7/2015,436.720001
7/8/2015,429.700012
7/9/2015,434.390015
7/10/2015,443.51001
7/13/2015,455.570007
7/14/2015,465.570007
7/15/2015,461.190002
7/16/2015,475.480011
7/17/2015,483.01001
7/20/2015,488.100006
7/21/2015,488
7/22/2015,488.269989
7/23/2015,482.179993
7/24/2015,529.419983
7/27/2015,531.409973
7/28/2015,526.030029
7/29/2015,529
7/30/2015,536.76001
7/31/2015,536.150024
8/3/2015,535.030029
8/4/2015,531.900024
8/5/2015,537.01001
8/6/2015,529.460022
8/7/2015,522.619995
8/10/2015,524
8/11/2015,527.460022
8/12/2015,525.909973
8/13/2015,529.659973
8/14/2015,531.52002
8/17/2015,535.219971
8/18/2015,535.02002
8/19/2015,532.919983
8/20/2015,515.780029
8/21/2015,494.470001
8/24/2015,463.369995
8/25/2015,466.369995
8/26/2015,500.769989
8/27/2015,518.369995
8/28/2015,518.01001
8/31/2015,512.890015
9/1/2015,496.540009
9/2/2015,510.549988
9/3/2015,504.720001
9/4/2015,499
9/8/2015,517.539978
9/9/2015,516.890015
9/10/2015,522.23999
9/11/2015,529.440002
9/14/2015,521.380005
9/15/2015,522.369995
9/16/2015,527.390015
9/17/2015,538.869995
9/18/2015,540.26001
9/21/2015,548.390015
9/22/2015,538.400024
9/23/2015,536.070007
9/24/2015,533.75
9/25/2015,524.25
9/28/2015,504.059998
9/29/2015,496.070007
9/30/2015,511.890015
10/1/2015,520.719971
10/2/2015,532.539978
10/5/2015,543.679993
10/6/2015,537.47998
10/7/2015,541.940002
10/8/2015,533.159973
10/9/2015,539.799988
10/12/2015,550.190002
10/13/2015,548.900024
10/14/2015,544.830017
10/15/2015,562.440002
10/16/2015,570.76001
10/19/2015,573.150024
10/20/2015,560.880005
10/21/2015,555.77002
10/22/2015,563.909973
10/23/2015,599.030029
10/26/2015,608.609985
10/27/2015,611.01001
10/28/2015,617.099976
10/29/2015,626.549988
10/30/2015,625.900024
11/2/2015,628.349976
11/3/2015,625.309998
11/4/2015,640.950012
11/5/2015,655.650024
11/6/2015,659.369995
11/9/2015,655.48999
11/10/2015,659.679993
11/11/2015,673.25
11/12/2015,665.599976
11/13/2015,642.349976
11/16/2015,647.809998
11/17/2015,643.299988
11/18/2015,663.539978
11/19/2015,661.27002
11/20/2015,668.450012
11/23/2015,678.98999
11/24/2015,671.150024
11/25/2015,675.340027
11/27/2015,673.26001
11/30/2015,664.799988
12/1/2015,679.059998
12/2/2015,676.01001
12/3/2015,666.25
12/4/2015,672.640015
12/7/2015,669.830017
12/8/2015,677.330017
12/9/2015,664.789978
12/10/2015,662.320007
12/11/2015,640.150024
12/14/2015,657.909973
12/15/2015,658.640015
12/16/2015,675.77002
12/17/2015,670.650024
12/18/2015,664.140015
12/21/2015,664.51001
12/22/2015,663.150024
12/23/2015,663.700012
12/24/2015,662.789978
12/28/2015,675.200012
12/29/2015,693.969971
12/30/2015,689.070007
12/31/2015,675.890015
1/4/2016,636.98999
1/5/2016,633.789978
1/6/2016,632.650024
1/7/2016,607.940002
1/8/2016,607.049988
1/11/2016,617.73999
1/12/2016,617.890015
1/13/2016,581.809998
1/14/2016,593
1/15/2016,570.179993
1/19/2016,574.47998
1/20/2016,571.77002
1/21/2016,575.02002
1/22/2016,596.380005
1/25/2016,596.530029
1/26/2016,601.25
1/27/2016,583.349976
1/28/2016,635.349976
1/29/2016,587
2/1/2016,574.809998
2/2/2016,552.099976
2/3/2016,531.070007
2/4/2016,536.26001
2/5/2016,502.130005
2/8/2016,488.100006
2/9/2016,482.070007
2/10/2016,490.480011
2/11/2016,503.820007
2/12/2016,507.079987
2/16/2016,521.099976
2/17/2016,534.099976
2/18/2016,525
2/19/2016,534.900024
2/22/2016,559.5
2/23/2016,552.940002
2/24/2016,554.039978
2/25/2016,555.150024
2/26/2016,555.22998
2/29/2016,552.52002
3/1/2016,579.039978
3/2/2016,580.210022
3/3/2016,577.48999
3/4/2016,575.140015
3/7/2016,562.799988
3/8/2016,560.26001
3/9/2016,559.469971
3/10/2016,558.929993
3/11/2016,569.609985
3/14/2016,573.369995
3/15/2016,577.02002
3/16/2016,574.27002
3/17/2016,559.440002
3/18/2016,552.080017
3/21/2016,553.97998
3/22/2016,560.47998
3/23/2016,569.630005
3/24/2016,582.950012
3/28/2016,579.869995
3/29/2016,593.859985
3/30/2016,598.690002
3/31/2016,593.640015
4/1/2016,598.5
4/4/2016,593.190002
4/5/2016,586.140015
4/6/2016,602.080017
4/7/2016,591.429993
4/8/2016,594.599976
4/11/2016,595.929993
4/12/2016,603.169983
4/13/2016,614.820007
4/14/2016,620.75
4/15/2016,625.890015
4/18/2016,635.349976
4/19/2016,627.900024
4/20/2016,632.98999
4/21/2016,631
4/22/2016,620.5
4/25/2016,626.200012
4/26/2016,616.880005
4/27/2016,606.570007
4/28/2016,602
4/29/2016,659.590027
5/2/2016,683.849976
5/3/2016,671.320007
5/4/2016,670.900024
5/5/2016,659.090027
5/6/2016,673.950012
5/9/2016,679.75
5/10/2016,703.070007
5/11/2016,713.22998
5/12/2016,717.929993
5/13/2016,709.919983
5/16/2016,710.659973
5/17/2016,695.27002
5/18/2016,697.450012
5/19/2016,698.52002
5/20/2016,702.799988
5/23/2016,696.75
5/24/2016,704.200012
5/25/2016,708.349976
5/26/2016,714.909973
5/27/2016,712.23999
5/31/2016,722.789978
6/1/2016,719.440002
6/2/2016,728.23999
6/3/2016,725.539978
6/6/2016,726.72998
6/7/2016,723.73999
6/8/2016,726.640015
6/9/2016,727.650024
6/10/2016,717.909973
6/13/2016,715.23999
6/14/2016,719.299988
6/15/2016,714.26001
6/16/2016,717.51001
6/17/2016,706.390015
6/20/2016,714.01001
6/21/2016,715.820007
6/22/2016,710.599976
6/23/2016,722.080017
6/24/2016,698.960022
6/27/2016,691.359985
6/28/2016,707.950012
6/29/2016,715.599976
6/30/2016,715.619995
7/1/2016,725.679993
7/5/2016,728.099976
7/6/2016,737.609985
7/7/2016,736.570007
7/8/2016,745.809998
7/11/2016,753.780029
7/12/2016,748.210022
7/13/2016,742.630005
7/14/2016,741.200012
7/15/2016,735.440002
7/18/2016,736.070007
7/19/2016,739.950012
7/20/2016,745.719971
7/21/2016,744.429993
7/22/2016,744.859985
7/25/2016,739.609985
7/26/2016,735.590027
7/27/2016,736.669983
7/28/2016,752.609985
7/29/2016,758.809998
8/1/2016,767.73999
8/2/2016,760.580017
8/3/2016,754.640015
8/4/2016,760.77002
8/5/2016,765.97998
8/8/2016,766.559998
8/9/2016,768.309998
8/10/2016,768.559998
8/11/2016,771.23999
8/12/2016,772.559998
8/15/2016,768.48999
8/16/2016,764.039978
8/17/2016,764.630005
8/18/2016,764.460022
8/19/2016,757.309998
8/22/2016,759.47998
8/23/2016,762.450012
8/24/2016,757.25
8/25/2016,759.219971
8/26/2016,769
8/29/2016,771.289978
8/30/2016,767.580017
8/31/2016,769.159973
9/1/2016,770.619995
9/2/2016,772.440002
9/6/2016,788.869995
9/7/2016,784.47998
9/8/2016,784.059998
9/9/2016,760.140015
9/12/2016,771.48999
9/13/2016,761.01001
9/14/2016,761.090027
9/15/2016,769.690002
9/16/2016,778.52002
9/19/2016,775.099976
9/20/2016,780.219971
9/21/2016,789.73999
9/22/2016,804.700012
9/23/2016,805.75
9/26/2016,799.159973
9/27/2016,816.109985
9/28/2016,828.719971
9/29/2016,829.049988
9/30/2016,837.309998
10/3/2016,836.73999
10/4/2016,834.030029
10/5/2016,844.359985
10/6/2016,841.659973
10/7/2016,839.429993
10/10/2016,841.710022
10/11/2016,831
10/12/2016,834.090027
10/13/2016,829.280029
10/14/2016,822.960022
10/17/2016,812.950012
10/18/2016,817.650024
10/19/2016,817.690002
10/20/2016,810.320007
10/21/2016,818.98999
10/24/2016,838.090027
10/25/2016,835.179993
10/26/2016,822.590027
10/27/2016,818.359985
10/28/2016,776.320007
10/31/2016,789.820007
11/1/2016,785.409973
11/2/2016,765.559998
11/3/2016,767.030029
11/4/2016,755.049988
11/7/2016,784.929993
11/8/2016,787.75
11/9/2016,771.880005
11/10/2016,742.380005
11/11/2016,739.01001
11/14/2016,719.070007
11/15/2016,743.23999
11/16/2016,746.48999
11/17/2016,756.400024
11/18/2016,760.159973
11/21/2016,780
11/22/2016,785.330017
11/23/2016,780.119995
11/25/2016,780.369995
11/28/2016,766.77002
11/29/2016,762.52002
11/30/2016,750.570007
12/1/2016,743.650024
12/2/2016,740.340027
12/5/2016,759.359985
12/6/2016,764.719971
12/7/2016,770.419983
12/8/2016,767.330017
12/9/2016,768.659973
12/12/2016,760.119995
12/13/2016,774.340027
12/14/2016,768.820007
12/15/2016,761
12/16/2016,757.77002
12/19/2016,766
12/20/2016,771.219971
12/21/2016,770.599976
12/22/2016,766.340027
12/23/2016,760.590027
12/27/2016,771.400024
12/28/2016,772.130005
12/29/2016,765.150024
12/30/2016,749.869995
1/3/2017,753.669983
1/4/2017,757.179993
1/5/2017,780.450012
1/6/2017,795.98999
1/9/2017,796.919983
1/10/2017,795.900024
1/11/2017,799.02002
1/12/2017,813.640015
1/13/2017,817.140015
1/17/2017,809.719971
1/18/2017,807.47998
1/19/2017,809.039978
1/20/2017,808.330017
1/23/2017,817.880005
1/24/2017,822.440002
1/25/2017,836.52002
1/26/2017,839.150024
1/27/2017,835.77002
1/30/2017,830.380005
1/31/2017,823.47998
2/1/2017,832.349976
2/2/2017,839.950012
2/3/2017,810.200012
2/6/2017,807.640015
2/7/2017,812.5
2/8/2017,819.710022
2/9/2017,821.359985
2/10/2017,827.460022
2/13/2017,836.530029
2/14/2017,836.390015
2/15/2017,842.700012
2/16/2017,844.140015
2/17/2017,845.070007
2/21/2017,856.440002
2/22/2017,855.609985
2/23/2017,852.190002
2/24/2017,845.23999
2/27/2017,848.640015
2/28/2017,845.039978
3/1/2017,853.080017
3/2/2017,848.909973
3/3/2017,849.880005
3/6/2017,846.609985
3/7/2017,846.02002
3/8/2017,850.5
3/9/2017,853
3/10/2017,852.460022
3/13/2017,854.590027
3/14/2017,852.530029
3/15/2017,852.969971
3/16/2017,853.419983
3/17/2017,852.309998
3/20/2017,856.969971
3/21/2017,843.200012
3/22/2017,848.059998
3/23/2017,847.380005
3/24/2017,845.609985
3/27/2017,846.820007
3/28/2017,856
3/29/2017,874.320007
3/30/2017,876.340027
3/31/2017,886.539978
4/3/2017,891.51001
4/4/2017,906.830017
4/5/2017,909.280029
4/6/2017,898.280029
4/7/2017,894.880005
4/10/2017,907.039978
4/11/2017,902.359985
4/12/2017,896.22998
4/13/2017,884.669983
4/17/2017,901.98999
4/18/2017,903.780029
4/19/2017,899.200012
4/20/2017,902.059998
4/21/2017,898.530029
4/24/2017,907.409973
4/25/2017,907.619995
4/26/2017,909.289978
4/27/2017,918.380005
4/28/2017,924.98999
5/1/2017,948.22998
5/2/2017,946.940002
5/3/2017,941.030029
5/4/2017,937.530029
5/5/2017,934.150024
5/8/2017,949.039978
5/9/2017,952.820007
5/10/2017,948.950012
5/11/2017,947.619995
5/12/2017,961.349976
5/15/2017,957.969971
5/16/2017,966.070007
5/17/2017,944.76001
5/18/2017,958.48999
5/19/2017,959.840027
5/22/2017,970.669983
5/23/2017,971.539978
5/24/2017,980.349976
5/25/2017,993.380005
5/26/2017,995.780029
5/30/2017,996.700012
5/31/2017,994.619995
6/1/2017,995.950012
6/2/2017,1006.72998
6/5/2017,1011.340027
6/6/2017,1003
6/7/2017,1010.070007
6/8/2017,1010.27002
6/9/2017,978.309998
6/12/2017,964.909973
6/13/2017,980.789978
6/14/2017,976.469971
6/15/2017,964.169983
6/16/2017,987.710022
6/19/2017,995.169983
6/20/2017,992.590027
6/21/2017,1002.22998
6/22/2017,1001.299988
6/23/2017,1003.73999
6/26/2017,993.97998
6/27/2017,976.780029
6/28/2017,990.330017
6/29/2017,975.929993
6/30/2017,968
7/3/2017,953.659973
7/5/2017,971.400024
7/6/2017,965.140015
7/7/2017,978.76001
7/10/2017,996.469971
7/11/2017,994.130005
7/12/2017,1006.51001
7/13/2017,1000.630005
7/14/2017,1001.809998
7/17/2017,1010.039978
7/18/2017,1024.449951
7/19/2017,1026.869995
7/20/2017,1028.699951
7/21/2017,1025.670044
7/24/2017,1038.949951
7/25/2017,1039.869995
7/26/2017,1052.800049
7/27/2017,1046
7/28/2017,1020.039978
7/31/2017,987.780029
8/1/2017,996.190002
8/2/2017,995.890015
8/3/2017,986.919983
8/4/2017,987.580017
8/7/2017,992.27002
8/8/2017,989.840027
8/9/2017,982.01001
8/10/2017,956.919983
8/11/2017,967.98999
8/14/2017,983.299988
8/15/2017,982.73999
8/16/2017,978.179993
8/17/2017,960.570007
8/18/2017,958.469971
8/21/2017,953.289978
8/22/2017,966.900024
8/23/2017,958
8/24/2017,952.450012
8/25/2017,945.26001
8/28/2017,946.02002
8/29/2017,954.059998
8/30/2017,967.590027
8/31/2017,980.599976
9/1/2017,978.25
9/5/2017,965.27002
9/6/2017,967.799988
9/7/2017,979.469971
9/8/2017,965.900024
9/11/2017,977.960022
9/12/2017,982.580017
9/13/2017,999.599976
9/14/2017,992.210022
9/15/2017,986.789978
9/18/2017,974.190002
9/19/2017,969.859985
9/20/2017,973.210022
9/21/2017,964.650024
9/22/2017,955.099976
9/25/2017,939.789978
9/26/2017,938.599976
9/27/2017,950.869995
9/28/2017,956.400024
9/29/2017,961.349976
10/2/2017,959.190002
10/3/2017,957.099976
10/4/2017,965.450012
10/5/2017,980.849976
10/6/2017,989.580017
10/9/2017,990.98999
10/10/2017,987.200012
10/11/2017,995
10/12/2017,1000.929993
10/13/2017,1002.940002
10/16/2017,1006.340027
10/17/2017,1009.130005
10/18/2017,997
10/19/2017,986.609985
10/20/2017,982.909973
10/23/2017,966.299988
10/24/2017,975.900024
10/25/2017,972.909973
10/26/2017,972.429993
10/27/2017,1100.949951
10/30/2017,1110.849976
10/31/2017,1105.280029
11/1/2017,1103.680054
11/2/2017,1094.219971
11/3/2017,1111.599976
11/6/2017,1120.660034
11/7/2017,1123.170044
11/8/2017,1132.880005
11/9/2017,1129.130005
11/10/2017,1125.349976
11/13/2017,1129.170044
11/14/2017,1136.839966
11/15/2017,1126.689941
11/16/2017,1137.290039
11/17/2017,1129.880005
11/20/2017,1126.310059
11/21/2017,1139.48999
11/22/2017,1156.160034
11/24/2017,1186
11/27/2017,1195.829956
11/28/2017,1193.599976
11/29/2017,1161.27002
11/30/2017,1176.75
12/1/2017,1162.349976
12/4/2017,1133.949951
12/5/2017,1141.569946
12/6/2017,1152.349976
12/7/2017,1159.790039
12/8/2017,1162
12/11/2017,1168.920044
12/12/2017,1165.079956
12/13/2017,1164.130005
12/14/2017,1174.26001
12/15/2017,1179.140015
12/18/2017,1190.579956
12/19/2017,1187.380005
12/20/2017,1177.619995
12/21/2017,1174.76001
12/22/2017,1168.359985
12/26/2017,1176.76001
12/27/2017,1182.26001
12/28/2017,1186.099976
